Row,1 cpd,2 cpd,4 cpd
013AR,-0.0154178130412843,-0.00135083602186314,0.0131374709946241
064PK,-0.0496846377336551,-0.0255846064658852,-0.0346930964850821
