Row,M1,M2
013AR,-0.000709876631483919,0.0201951264476615
064PK,0.00585351148322499,-0.0300069351468549
