Row,1 cpd,2 cpd,4 cpd
013AR,0.00911935253236806,0.00497884075951904,0.0131951794791774
064PK,-0.0337958396325904,-0.0234567006198751,-0.0473036357382894
