Row,1 cpd,2 cpd,4 cpd
013AR,7.96069822028258e-06,0.535890154556675,0.000149473584502874
064PK,1.38050125443772e-15,2.56907315128614e-06,6.31714930247554e-13
