Row,1 cpd,2 cpd,4 cpd
013AR,0.0252997836960538,0.0499107830319714,3.0764936983741e-07
064PK,2.76067730168245e-16,3.8474414571953e-13,1.13025246515913e-25
