Row,M1,M2
013AR,0.923223635852932,8.12667792713609e-47
064PK,0.46586357309725,3.65948738764628e-71
